{
	"MapID": 0,
	"MapName": "UEDPIE_0_TopDownMap",
	"Portals": [
		{"Location": {"X": 1440.000000, "Y": 1270.000000, "Z": 100.000000}, "Rotation": {"Pitch": 0.000000, "Yaw": 0.000000, "Roll": -0.000000}, "Scale": {"X": 1.000000, "Y": 1.000000, "Z": 1.000000}, "BoxSize": {"X": 100.000000, "Y": 100.000000, "Z": 100.000000}, "LinkMapID": 1}
	]
}