{
	"MapID": 0,
	"MapName": "UEDPIE_0_TopDownMap",
	"Portals": [
		{"Location": {"X": 1760.000000, "Y": 1450.000000, "Z": 100.000000}, "Scale": {"X": 1.000000, "Y": 1.000000, "Z": 1.000000}, "BoxSize": {"X": 100.000000, "Y": 100.000000, "Z": 100.000000}, "LinkMapID": 1}
	]
}